{"model_data": {"model": "SimpleRNN", "input_size": 1, "skip": "0", "output_size": 1, "unit_type": "LSTM", "num_layers": 1, "hidden_size": 10, "bias_fl": true}, "state_dict": {"rec.weight_ih_l0": [[0.15486834943294525], [0.14889419078826904], [0.36338672041893005], [0.04978208988904953], [0.31681519746780396], [-0.7083576917648315], [-0.5336315631866455], [0.07584025710821152], [0.08264411985874176], [0.4761684238910675], [-0.09495791047811508], [2.461660146713257], [-0.30717217922210693], [0.00319711328484118], [2.0077965259552], [0.2887116074562073], [0.3154194951057434], [-0.057144179940223694], [0.24147212505340576], [0.5943042039871216], [0.1500050574541092], [-1.4765548706054688], [-0.498491108417511], [0.5215063095092773], [-1.0608850717544556], [0.5962607860565186], [0.01847962476313114], [0.6149916648864746], [-0.8884509801864624], [-0.549307644367218], [-0.14395619928836823], [-0.5369369983673096], [-0.3529965877532959], [-0.23814831674098969], [0.08200675994157791], [-1.3998690843582153], [0.15203595161437988], [-0.4129967987537384], [-0.30676737427711487], [0.20614774525165558]], "rec.weight_hh_l0": [[-0.2314470112323761, -0.49277234077453613, -0.07699661701917648, 0.18498709797859192, -0.5800642967224121, 0.17904074490070343, 0.02795422077178955, 0.649418294429779, -0.256367564201355, -0.30677875876426697], [-0.3676573932170868, -2.0949912071228027, -0.7004891037940979, 0.5133907794952393, -0.9103227257728577, -0.23490726947784424, -0.4188007414340973, 0.6475005149841309, -0.8111816048622131, -0.7102116942405701], [0.10806877166032791, -0.3602158725261688, -0.07945109158754349, -0.5268154740333557, 0.46424442529678345, -0.04814485087990761, 0.4863806366920471, 0.42838093638420105, -0.3985481858253479, -0.3329687714576721], [-0.4101429581642151, 1.0820577144622803, -0.20213806629180908, -0.36698099970817566, 0.16105496883392334, -0.06094345450401306, -0.6713642477989197, -0.5090538859367371, 1.3258980512619019, 0.3371659517288208], [-0.7656338810920715, -0.8028061389923096, -0.3160022497177124, -0.35549992322921753, 0.1844383180141449, 0.2035326212644577, -0.14133118093013763, 0.6189795732498169, 0.42657598853111267, 0.1096944510936737], [-0.3345000743865967, -0.2103830724954605, -0.37280017137527466, 0.34849581122398376, -0.2586964964866638, 0.9248456358909607, -0.10651882737874985, 0.45027512311935425, -0.010623986832797527, 0.3805730640888214], [0.10061677545309067, 0.8696063160896301, 0.31392112374305725, -0.2237105816602707, 0.6435883045196533, -0.4866170287132263, -0.28673166036605835, -0.34643417596817017, 0.5415418148040771, -0.19254101812839508], [-0.3110978603363037, -0.06864305585622787, -0.5447267293930054, 0.5627357959747314, -0.45096349716186523, -0.09004909545183182, -0.17369593679904938, 0.025914300233125687, 0.03491006791591644, 0.4306392967700958], [-0.35439711809158325, -0.6909336447715759, -0.39166226983070374, -0.21102949976921082, -0.9824223518371582, 1.1052778959274292, 0.23126284778118134, 1.463700294494629, -0.7171162366867065, 0.12123682349920273], [0.2918896973133087, -0.6377995610237122, -0.0396762453019619, 0.1329500526189804, -0.5340680480003357, -0.39600375294685364, -0.08391673862934113, 0.058617595583200455, -0.6275911331176758, -0.45324110984802246], [-0.04372383654117584, -0.6563441753387451, -0.12376759946346283, -0.06417796015739441, -0.21310685575008392, 0.16840210556983948, -0.32258594036102295, 0.2825632393360138, -0.45448315143585205, 0.012303944677114487], [0.43167805671691895, -0.6287357807159424, -0.18533582985401154, 0.39439284801483154, -0.6847364902496338, 0.1818365901708603, 0.15120083093643188, 0.2018098384141922, -2.0663139820098877, -0.5451745390892029], [-0.6893052458763123, -0.017019903287291527, -0.553154706954956, 0.8737342953681946, 0.0031997370533645153, 0.35231679677963257, -0.460483193397522, 0.08603043854236603, 0.3140468895435333, 0.5701499581336975], [0.10387423634529114, -0.048888277262449265, -0.6058071255683899, 0.09055361896753311, -0.46124503016471863, 0.41421228647232056, -0.3841068744659424, 0.1724119931459427, -0.9524334073066711, -0.3021013140678406], [-0.00870129931718111, -0.6704209446907043, -0.4633837342262268, 0.2812252938747406, -0.4701342284679413, -0.0035937700886279345, 0.03482602536678314, 0.356579452753067, -1.9276995658874512, -0.495408296585083], [-0.04482199251651764, -0.7127625346183777, -0.1269625872373581, 0.8081527948379517, -0.7228897213935852, -0.24520809948444366, -0.4029790759086609, 0.12459713965654373, -0.8912093639373779, -0.33080029487609863], [-0.7723569869995117, 0.10171782225370407, -0.6848236918449402, -0.11685871332883835, -0.6953364610671997, 0.33466488122940063, 0.7312552332878113, 0.7452341914176941, -0.5964013934135437, 0.5543345808982849], [-0.3059256076812744, -0.6066271662712097, -0.390464186668396, -0.11144069582223892, -0.61141037940979, 0.14472755789756775, 0.44022369384765625, 0.7281213402748108, -1.1902662515640259, -0.15923082828521729], [-0.12693706154823303, -0.20513959228992462, 0.1637389212846756, -0.29054123163223267, -0.01860470324754715, 0.04012780264019966, 0.4167528748512268, 0.04125737398862839, 0.485755056142807, -0.18383534252643585], [-0.16701681911945343, -0.7072174549102783, -0.13514907658100128, 0.3311057388782501, -0.7209106087684631, 0.5411140322685242, -0.05956215783953667, 0.6834927201271057, -0.9527246356010437, -0.45186224579811096], [0.24214139580726624, 0.18054787814617157, 0.20746774971485138, 0.05211055278778076, 0.514945387840271, -0.2978985905647278, 0.0935567244887352, -0.13814876973628998, 0.2241450995206833, 0.148917093873024], [-0.01220494881272316, 0.8348339200019836, -0.1449422985315323, -0.12872403860092163, 0.008700006641447544, 0.594181478023529, -0.4552774727344513, 0.26130470633506775, 1.072074294090271, 0.2341686636209488], [0.04873267188668251, 0.002690935507416725, 0.5789197087287903, 0.26269203424453735, 0.07617790251970291, -0.11753104627132416, 0.2163405567407608, -0.47050920128822327, 0.5598268508911133, 0.0012155411532148719], [0.12579187750816345, 0.722412645816803, 0.4959529936313629, -0.2856365740299225, 0.3243110179901123, -0.29229047894477844, 0.10162320733070374, -0.7262256741523743, 0.10601547360420227, 0.3781850039958954], [0.2177177369594574, -0.35049358010292053, -0.09814655780792236, -0.047787271440029144, -0.17041592299938202, 0.14997157454490662, -0.6171382069587708, 0.3218284547328949, 0.8553719520568848, 0.12059327960014343], [0.04075406864285469, -0.33627548813819885, -0.11706027388572693, 0.5132849812507629, -0.8442509770393372, -0.1725347936153412, -0.3020865023136139, -0.6198958158493042, -0.9263860583305359, -0.3751889169216156], [0.20090991258621216, -0.1798793524503708, -0.04113122075796127, -0.4873794913291931, -0.3323240280151367, -0.029651492834091187, 0.34140437841415405, 0.5320307612419128, -0.6944118142127991, 0.20821474492549896], [0.20269106328487396, -0.7339214086532593, -0.15492866933345795, -0.055335331708192825, -0.047980163246393204, -0.7480885982513428, 0.3376524746417999, 0.3066022992134094, -0.6765924692153931, -0.19810977578163147], [-0.19538287818431854, -0.2399454265832901, 0.08282685279846191, 0.712184727191925, -0.15608742833137512, 0.016556404531002045, -0.5121084451675415, -0.16081704199314117, 0.08142931014299393, 0.021885447204113007], [-0.4869813323020935, -0.2689507305622101, -0.15909075736999512, 0.14086183905601501, -0.048880577087402344, 0.43848901987075806, 0.07662668079137802, 0.0951022207736969, 0.08868314325809479, 0.5496825575828552], [0.20637105405330658, -0.28016337752342224, -0.24364185333251953, 0.3191685676574707, -0.26485008001327515, 0.6465064287185669, 0.11529114842414856, 0.5841337442398071, -0.4700022041797638, 0.010582256130874157], [-0.15262967348098755, -1.1871670484542847, -0.6515631079673767, 0.31893354654312134, -0.20550765097141266, 0.9840733408927917, 0.16184067726135254, 0.18533970415592194, 0.1758468896150589, -0.8026902079582214], [-0.5334315299987793, -0.2501755654811859, -0.15960483253002167, 