{"model_data": {"model": "SimpleRNN", "input_size": 1, "skip": "0", "output_size": 1, "unit_type": "GRU", "num_layers": 1, "hidden_size": 16, "bias_fl": true}, "state_dict": {"rec.weight_ih_l0": [[0.05888473242521286], [0.4639304578304291], [-0.15371699631214142], [-0.037519894540309906], [0.07674659788608551], [-0.09764169901609421], [-0.12333370000123978], [-0.6485995054244995], [0.9399848580360413], [-0.05195167288184166], [-1.8038333654403687], [0.9673292636871338], [-0.13432972133159637], [1.2754490375518799], [0.5062405467033386], [-0.6145727634429932], [-0.6054744720458984], [0.03531786426901817], [-0.30981841683387756], [0.3247798681259155], [0.15310275554656982], [-0.9875795841217041], [-0.039234478026628494], [-0.3251895606517792], [0.2242775410413742], [0.46990424394607544], [-0.1677735149860382], [0.2633485496044159], [-0.14274948835372925], [0.39097291231155396], [0.13031719624996185], [0.6694923043251038], [0.7404367923736572], [-0.29607173800468445], [1.0318948030471802], [1.238817811012268], [-0.1596834659576416], [1.2433737516403198], [-0.7060551047325134], [0.6266632080078125], [-0.08101721853017807], [-0.15471993386745453], [-1.9556665420532227], [0.8030167818069458], [-0.7525607943534851], [0.053786855190992355], [1.6322439908981323], [-1.4799015522003174]], "rec.weight_hh_l0": [[-0.08754134923219681, 0.22236645221710205, -1.0564831495285034, 0.018600618466734886, 0.5336962342262268, 0.2454562932252884, -0.04253329709172249, 0.07573641091585159, -0.3953951299190521, -0.01483722124248743, -0.9710782170295715, -0.24900266528129578, -0.5723711252212524, -1.059809684753418, -0.34658023715019226, -0.08725890517234802], [0.21812811493873596, 0.1744704246520996, 0.6484267115592957, 0.3264555037021637, 0.06427530199289322, 0.0795283317565918, 0.06256864964962006, -0.08987963944673538, -0.15139538049697876, -0.4424512982368469, -0.26383474469184875, -0.12172766029834747, -0.5441576242446899, -0.521183967590332, 0.7572118043899536, -0.16791248321533203], [0.676719605922699, -0.17928536236286163, -0.8810450434684753, 0.8349289298057556, -0.648838222026825, -0.1542060375213623, 0.49528008699417114, 0.20424823462963104, 0.02803952805697918, -0.6174191832542419, 0.34946155548095703, -0.4428655803203583, -0.6725859045982361, 0.20765265822410583, 0.07502112537622452, 0.73957759141922], [0.6395856142044067, 0.8738595247268677, 1.2553898096084595, -1.64500892162323, -0.28154268860816956, 0.6641431450843811, -0.7183772325515747, -0.7660434246063232, 0.45805537700653076, -0.09642505645751953, 0.9050348401069641, 0.5964822173118591, -1.202471375465393, 0.8610258102416992, 0.8407939076423645, -0.2587437927722931], [0.01408669538795948, 0.16944697499275208, 0.3469366729259491, 0.5332905650138855, -0.49640196561813354, 0.03414582088589668, 0.028107671067118645, 0.047116026282310486, -0.45182937383651733, -0.47202181816101074, -0.062093839049339294, -0.07563246041536331, -0.882328450679779, -0.788560688495636, 0.20489798486232758, -0.13819628953933716], [1.3049992322921753, 0.6214748620986938, -1.8987730741500854, 0.18041016161441803, 0.027799515053629875, -0.1506202071905136, 0.19703993201255798, 0.21578486263751984, -0.15703150629997253, -0.4570657014846802, 0.2879359722137451, -0.4285088777542114, 0.5972415804862976, -0.48862311244010925, -0.8120080232620239, 0.18183283507823944], [-0.22560961544513702, 0.06736992299556732, -0.23711328208446503, 0.12434883415699005, 0.19449710845947266, 0.29394015669822693, 0.12551797926425934, 0.47724923491477966, -0.19734802842140198, -0.06875770539045334, 0.010791813023388386, 0.21827031672000885, -0.034474246203899384, -0.17400546371936798, -0.035495515912771225, 0.08820055425167084], [-0.24597422778606415, 0.10666175931692123, -0.7767329812049866, -1.1468851566314697, 0.3860897123813629, -0.06202535703778267, -0.19462381303310394, 0.0319654643535614, -0.19971820712089539, -0.4282967746257782, 0.15794260799884796, 0.24805377423763275, 0.5359113812446594, -0.15118031203746796, 0.12776131927967072, 0.8114855289459229], [0.003141281194984913, 0.3754515051841736, -0.09806079417467117, -0.2053101509809494, -0.34631386399269104, 0.10501407831907272, -0.45671507716178894, 0.22852961719036102, 0.17916348576545715, 0.10735338926315308, 0.2161359339952469, -0.07254816591739655, -0.4151415228843689, -0.21582083404064178, -0.16121579706668854, 0.39846715331077576], [-0.23034244775772095, 0.30315208435058594, 0.6537756323814392, 0.16973817348480225, -0.42211246490478516, -0.2068706750869751, 0.2663157880306244, -0.13053731620311737, 0.38540711998939514, 0.0670568123459816, 0.22773654758930206, -0.4858386218547821, -0.11248937994241714, -0.06272880733013153, -0.38165488839149475, 0.26697367429733276], [2.060356378555298, 0.22093318402767181, -0.039190053939819336, -0.6426883935928345, -0.40578317642211914, -1.3433138132095337, -0.9572994709014893, -0.42398712038993835, 1.2489885091781616, 1.569909930229187, 1.4364556074142456, 0.6532981991767883, -0.09427431225776672, 1.2066322565078735, 0.503804087638855, 0.9050918817520142], [-0.47520527243614197, -0.2701979875564575, 0.15154039859771729, 0.4731156527996063, 0.1163254976272583, -0.021494939923286438, 0.46370893716812134, 0.5178921818733215, -0.5416668057441711, -1.0073022842407227, -0.06568443030118942, 0.7326525449752808, 0.1038677766919136, 0.5727946758270264, -0.39313772320747375, 0.7661045789718628], [0.8643172383308411, 0.032435983419418335, -1.2364283800125122, 0.6672089099884033, -0.5136709809303284, 1.3387620449066162, -0.12814262509346008, 0.769666314125061, 0.4485585689544678, -0.9087633490562439, -0.9472406506538391, -0.5895864963531494, 0.3861801326274872, -1.2832759618759155, -0.13582965731620789, -0.028252311050891876], [-0.44228261709213257, -0.1069582998752594, 0.3051096796989441, -0.14425478875637054, 0.32288143038749695, -0.18068020045757294, -0.3587835729122162, 0.9917307496070862, -0.527556300163269, -1.1085920333862305, -0.3872191905975342, 0.7114275693893433, 0.01203059684485197, 0.4916650950908661, 1.4615174531936646, 0.6048810482025146], [0.010357004590332508, -0.18602198362350464, -0.7398427128791809, 0.09293633699417114, 0.9150542616844177, -0.09039651602506638, 0.09586033225059509, -0.12046578526496887, -0.10663007199764252, -0.019573016092181206, -0.13666552305221558, 0.4112519323825836, 0.5267423987388611, -0.2803436517715454, -1.6229302883148193, -0.25595706701278687], [1.6490278244018555, 0.14285172522068024, -0.9353963732719421, 0.013582327403128147, 0.43780019879341125, -0.6394705772399902, -0.02857081964612007, -0.05260172486305237, 0.13461992144584656, 0.20246145129203796, -0.40235522389411926, 0.22547315061092377, 0.2767784297466278, -0.872136116027832, -0.14005039632320404, 0.9093647003173828], [-2.6611926555633545, 0.543066143989563, -0.25835686922073364, -1.54860258102417, -0.0766180157661438, -1.4394656419754028, 0.43336236476898193, -0.21550129354000092, 0.5146159529685974, -0.8652175068855286, 1.8738754987716675, -0.39201781153678894, 0.6431198716163635, -0.07225889712572098, -1.2739167213439941, 2.2655673027038574], [-0.32014867663383484, -0.1607712358236313, 0.05141009762883186, -0.04096589609980583, 0.10767555981874466, -0.13004250824451447, 0.030495088547468185, 0.09923195093870163, -0.18688735365867615, -0.17493011057376862, -0.24031352996826172, 0.1638559252023697, 0.2428707480430603, -0.11516299098730087, -0.1591278612613678, 0.18773871660232544], [-1.6390715837478638, -0.059070996940135956, 0.14435893297195435, -0.5004478096961975, 0.5068747401237488, -0.6109309792518616, -0.055141840130090714, 0.4731237292289734, -0.0026062061078846455, 0.3358141779899597, -0.002702671568840742, 0.05655577778816223, 0.26954516768455505, -0.15310756862163544, -1.0479902029037476, 0.0084042614325881], [0.19230510294437408, -0.13816344738006592, 0.19173671305179596, -0.20926016569137573, -0.010294176638126373, -0.20056088268756866, -0.08739666640758514, -0.758375883102417, -0.38208088278770447, -0.020169569179415703, -0.1827603578567505, 