{"epochs":5000,"in_vals":[[0.0,0.0],[0.0,1.0],[1.0,1.0],[1.0,0.0]],"layers_data":[[3,"relu"],[5,"relu"],[7,"relu"],[9,"relu"],[10,"sigmoid"]],"learn_rate":0.0010000000474974513,"out_vals":[[0.07537710666656494,0.13567888736724854,0.2713578939437866,0.3768860101699829,0.5175901651382446,0.6180931329727173,0.6834200620651245,0.7688475847244263,0.8442248106002808,0.964828372001648],[0.9698492288589478,0.9497486352920532,0.9346731901168823,0.9346731901168823,0.9145725965499878,0.9045222997665405,0.8944720029830933,0.9095474481582642,0.9648240804672241,0.979899525642395],[0.8643211722373962,0.7587930560112,0.6733655333518982,0.5829128623008728,0.49748533964157104,0.4120578169822693,0.34673088788986206,0.2763788104057312,0.2010015845298767,0.11557406187057495],[0.05025124549865723,0.05025124549865723,0.045226097106933594,0.045226097106933594,0.05025124549865723,0.05527639389038086,0.05527639389038086,0.05527639389038086,0.05527639389038086,0.05527639389038086]]}