{"epochs":5000,"in_vals":[[0.0,0.0],[0.0,1.0],[1.0,1.0],[1.0,0.0]],"layers_data":[[3,"relu"],[5,"relu"],[7,"relu"],[9,"relu"],[10,"sigmoid"]],"learn_rate":0.0010000000474974513,"out_vals":[[0.5875149965286255,0.848546028137207,0.23272499442100525,0.07685109972953796,0.4898430109024048,0.8606439828872681,0.3584820032119751,0.6643170118331909,0.27106600999832153,0.9120309948921204],[0.31665900349617004,0.04853479936718941,0.7305610179901123,0.3496539890766144,0.8626459836959839,0.023862700909376144,0.4847530126571655,0.3885670006275177,0.8134160041809082,0.25505301356315613],[0.45182400941848755,0.41375601291656494,0.5022820234298706,0.1702450066804886,0.008492089807987213,0.5909010171890259,0.48922300338745117,0.7477380037307739,0.7663490176200867,0.2747899889945984],[0.18749099969863892,0.19019100069999695,0.8523200154304504,0.3329089879989624,0.6087129712104797,0.33142900466918945,0.9677760004997253,0.9881060123443604,0.8204690217971802,0.4715079963207245]]}