{ "epochs": 1000, "in_vals": [ [ 0.0, 0.0 ], [ 0.0, 1.0 ], [ 1.0, 1.0 ], [ 1.0, 0.0 ] ], "layers_data": [ [ 3, "relu" ], [ 5, "relu" ], [ 7, "relu" ], [ 9, "relu" ], [ 10, "sigmoid" ] ], "learn_rate": 0.001, "out_vals": [ [ 0.58751466670892, 0.84854575149262, 0.23272538529128, 0.076851131936037, 0.489842834456, 0.86064414495371, 0.35848167184144, 0.66431722273941, 0.27106557261261, 0.91203063168104 ], [ 0.3166591905635, 0.048534802525801, 0.73056053455773, 0.34965416326865, 0.86264646002153, 0.023862736866254, 0.48475295327052, 0.38856684713636, 0.81341630284634, 0.25505268083154 ], [ 0.45182352002635, 0.41375594035022, 0.50228222968175, 0.17024503344046, 0.0084920931437733, 0.59090112453346, 0.48922326094601, 0.74773786750681, 0.76634917555286, 0.27479012583297 ], [ 0.18749091234449, 0.19019111860337, 0.8523199754756, 0.33290852492301, 0.60871254925992, 0.33142904517079, 0.96777616404073, 0.98810612205279, 0.82046873350803, 0.47150751034615 ] ] }