{ "epochs": 2000, "in_vals": [ [ 0.0, 0.0 ], [ 0.0, 1.0 ], [ 1.0, 1.0 ], [ 1.0, 0.0 ] ], "layers_data": [ [ 4, "relu" ], [ 7, "relu" ], [ 11, "relu" ], [ 13, "sigmoid" ] ], "learn_rate": 0.001, "out_vals": [ [ 0.60384613275528, 0.66153848171234, 0.80065083503723, 0.83702445030212, 0.85000002384186, 0.84792900085449, 0.82526630163193, 0.76222884654999, 0.67011839151382, 0.48653838038445, 0.0, 0.0, 0.0 ], [ 0.34255158901215, 0.684739112854, 0.16897368431091, 0.8204882144928, 0.17393314838409, 0.033561587333679, 0.65661811828613, 0.05012047290802, 0.5728714466095, 0.77083444595337, 0.67435562610626, 0.82242333889008, 0.7271740436554 ], [ 0.60120463371277, 0.55941796302795, 0.95408987998962, 0.87763893604279, 0.52822470664978, 0.65955257415771, 0.055549740791321, 0.58278632164001, 0.36521029472351, 0.12937474250793, 0.83358943462372, 0.26153218746185, 0.20579612255096 ], [ 0.5501354932785, 0.30164778232574, 0.47692143917084, 0.068097710609436, 0.89183509349823, 0.032513976097107, 0.43980741500854, 0.21958374977112, 0.14937460422516, 0.53322017192841, 0.24297034740448, 0.37810611724854, 0.64122450351715 ] ] }