{"epochs":5000,"in_vals":[[0.0,0.0],[0.0,1.0],[1.0,1.0],[1.0,0.0]],"layers_data":[[5,"relu"],[20,"relu"],[13,"sigmoid"]],"learn_rate":0.0010000000474974513,"out_vals":[[0.3488371968269348,0.8837209343910217,0.40697672963142395,0.7093023061752319,0.13953489065170288,0.4756062924861908,0.5583782196044922,0.6517497301101685,0.742925226688385,0.8523637056350708,0.6860407590866089,0.7507516741752625,0.8357524871826172],[0.13953489065170288,0.8139534592628479,0.19767442345619202,0.7093023061752319,0.13953489065170288,0.4756062924861908,0.5583782196044922,0.6517497301101685,0.742925226688385,0.8523637056350708,0.6860407590866089,0.7507516741752625,0.8357524871826172],[0.569767415523529,0.45348837971687317,0.151162788271904,0.9418604373931885,0.13953489065170288,0.4756062924861908,0.5583782196044922,0.6517497301101685,0.742925226688385,0.8523637056350708,0.6860407590866089,0.7507516741752625,0.8357524871826172],[0.10465116053819656,0.8023256063461304,0.4767441749572754,0.9418604373931885,0.13953489065170288,0.4756062924861908,0.5583782196044922,0.6517497301101685,0.742925226688385,0.8523637056350708,0.6860407590866089,0.7507516741752625,0.8357524871826172]]}