{"epochs":5000,"in_vals":[[0.020000755786895752,0.015000760555267334],[0.9750000238418579,0.9750000238418579],[0.01500004529953003,0.9750000238418579],[0.9800000190734863,0.014999985694885254]],"layers_data":[[20,"relu"],[20,"relu"],[10,"sigmoid"]],"learn_rate":0.0010000000474974513,"out_vals":[[0.05499899387359619,0.1599963903427124,0.2199949026107788,0.2999929189682007,0.39499056339263916,0.46998870372772217,0.5549865961074829,0.6299847364425659,0.7299822568893433,0.9249774217605591],[0.9150012135505676,0.8350031971931458,0.7650049328804016,0.6850069165229797,0.600009024143219,0.47001224756240845,0.3550150990486145,0.2050188183784485,0.09502154588699341,0.045022785663604736],[0.020000100135803223,0.015000224113464355,0.015000224113464355,0.015000224113464355,0.015000224113464355,0.005000472068786621,-0.004999279975891113,-0.004999279975891113,5.960464477539063e-07,0.029999852180480957],[0.9600002765655518,0.950000524520874,0.950000524520874,0.950000524520874,0.9450006484985352,0.9400007724761963,0.9350008964538574,0.9350008964538574,0.9650001525878906,0.9799997806549072]]}