{"epochs":5000,"in_vals":[[0.005000114440917969,0.0],[0.9850000143051147,0.9849991798400879],[0.9850000143051147,0.015000879764556885],[0.019999980926513672,0.9749999642372131]],"layers_data":[[20,"relu"],[20,"relu"],[10,"sigmoid"]],"learn_rate":0.0010000000474974513,"out_vals":[[0.07499873638153076,0.1749962568283081,0.2799936532974243,0.3749912977218628,0.45498931407928467,0.5299874544143677,0.6549843549728394,0.7399822473526001,0.8449796438217163,0.9499770402908325],[0.9300008416175842,0.8150036931037903,0.7250059247016907,0.600009024143219,0.450012743473053,0.3550150990486145,0.32001596689224243,0.260017454624176,0.15002018213272095,0.04002290964126587],[0.23499542474746704,0.499988853931427,0.6399853825569153,0.724983274936676,0.7749820351600647,0.7849817872047424,0.7899816632270813,0.6649847626686096,0.3599923253059387,0.05999976396560669],[0.47001224756240845,0.18501931428909302,0.0800219178199768,0.050022661685943604,0.0650222897529602,0.1400204300880432,0.2750170826911926,0.4750121235847473,0.7950041890144348,0.974999725818634]]}