{"epochs":5000,"in_vals":[[0.014999985694885254,0.019999980926513672],[0.9599999785423279,0.9649999737739563],[0.9599999785423279,0.01500004529953003],[0.02499997615814209,0.9799998998641968]],"layers_data":[[20,"relu"],[20,"relu"],[10,"sigmoid"]],"learn_rate":0.0010000000474974513,"out_vals":[[0.05499875545501709,0.12499701976776123,0.19499528408050537,0.2649935483932495,0.3249920606613159,0.39499032497406006,0.5149873495101929,0.6799832582473755,0.8199797868728638,0.92497718334198],[0.9250008463859558,0.8550025820732117,0.805003821849823,0.7350055575370789,0.6650072932243347,0.5850092768669128,0.4400128722190857,0.32501572370529175,0.20001882314682007,0.07002204656600952],[0.08499938249588013,0.35499268770217896,0.5949867367744446,0.7149837613105774,0.7449830174446106,0.6799846291542053,0.579987108707428,0.49498921632766724,0.36999231576919556,0.20499640703201294],[0.6800073385238647,0.4850121736526489,0.36001527309417725,0.26501762866973877,0.19001948833465576,0.15002048015594482,0.1550203561782837,0.2900170087814331,0.6049972772598267,0.9500006437301636]]}