{"epochs":5000,"in_vals":[[0.0,0.0],[0.0,1.0],[1.0,1.0],[1.0,0.0]],"layers_data":[[5,"relu"],[20,"relu"],[13,"sigmoid"]],"learn_rate":0.0010000000474974513,"out_vals":[[0.8372092843055725,0.7790697813034058,0.6162790656089783,0.5232558250427246,0.44186046719551086,0.3488371968269348,0.24418604373931885,0.1744185984134674,0.06976744532585144,0.0,0.0,0.0,0.0],[0.13953489065170288,0.2383720874786377,0.3372093141078949,0.39534884691238403,0.5465116500854492,0.6511628031730652,0.8023256063461304,0.895348846912384,0.9651162624359131,1.0,1.0,1.0,1.0],[0.13953489065170288,0.25581395626068115,0.1860465109348297,0.1744185984134674,0.1627907007932663,0.1627907007932663,0.20930232107639313,0.3372093141078949,0.5348837375640869,0.4651162922382355,0.27906978130340576,0.4767441749572754,0.569767415523529],[0.5813953280448914,0.43023255467414856,0.20930232107639313,0.19767442345619202,0.19767442345619202,0.19767442345619202,0.19767442345619202,0.19767442345619202,0.1860465109348297,0.1860465109348297,1.0,1.0,0.569767415523529]]}