{"epochs":5000,"in_vals":[[0.0,0.0],[0.0,1.0],[1.0,1.0],[1.0,0.0]],"layers_data":[[5,"relu"],[20,"relu"],[13,"sigmoid"]],"learn_rate":0.0010000000474974513,"out_vals":[[0.06976744532585144,0.10465116053819656,0.11627907305955887,0.12790697813034058,0.1627907007932663,0.20930232107639313,0.24418604373931885,0.3139534890651703,0.39534884691238403,0.4651162922382355,0.6162790656089783,0.7441860437393188,1.0],[0.9069767594337463,0.8488371968269348,0.7558139562606812,0.6860465407371521,0.604651153087616,0.5348837375640869,0.45348837971687317,0.3720930218696594,0.302325576543808,0.20930232107639313,0.12790697813034058,0.06976744532585144,0.0],[0.8720930218696594,0.8720930218696594,0.8720930218696594,0.8720930218696594,0.8720930218696594,0.8720930218696594,0.8837209343910217,0.9069767594337463,0.9069767594337463,0.9186046719551086,0.9069767594337463,0.895348846912384,0.8837209343910217],[0.04651162773370743,0.04651162773370743,0.04651162773370743,0.04651162773370743,0.04651162773370743,0.04651162773370743,0.04651162773370743,0.04651162773370743,0.04651162773370743,0.04651162773370743,0.04651162773370743,0.058139536529779434,0.058139536529779434]]}