{ "epochs": 2000, "in_vals": [ [ 0, 0 ], [ 0.0, 1.0 ], [ 1.0, 1.0 ], [ 1.0, 0.0 ] ], "layers_data": [ [ 4, "relu" ], [ 7, "relu" ], [ 11, "relu" ], [ 13, "sigmoid" ] ], "learn_rate": 0.001, "out_vals": [ [ 0.0, 0.80702942609787, 0.83828997612, 0.87157016992569, 0.60780668258667, 0.60397988557816, 0.60004848241806, 0.59378170967102, 0.57376861572266, 0.53666788339615, 0.41078066825867, 0.42007434368134, 0.0 ], [ 0.0, 0.80702942609787, 0.057620819658041, 0.10408922284842, 0.137546479702, 0.287174731493, 0.37980175018311, 0.59378170967102, 0.57376861572266, 0.53666788339615, 0.41078066825867, 0.42007434368134, 0.0 ], [ 0.75433701276779, 0.535315990448, 0.55018585920334, 0.67286247014999, 0.137546479702, 0.287174731493, 0.37980175018311, 0.83062261343002, 1.0, 0.38847580552101, 0.304832726717, 0.25092935562134, 0.71375465393066 ], [ 0.63828992843628, 0.86549514532089, 0.78025609254837, 0.67794942855835, 0.58405619859695, 0.50600510835648, 0.44795536994934, 0.36059480905533, 0.35315984487534, 0.036909185349941, 0.042485389858484, 0.08882100880146, 0.13499069213867 ] ] }